<Configuration>
<Add OfficeClientEdition="64" Channel="Current">
    <Product ID="Standard2021Retail">
      <Language ID="en-US" />
      <Language ID="pt-BR" />
      <ExcludeApp ID="Publisher" />
      <ExcludeApp ID="OneNote" />
      <ExcludeApp ID="Outlook" />
    </Product>
    <Product ID="ProjectStd2021Retail">
      <Language ID="en-US" />
      <Language ID="pt-BR" />
      <ExcludeApp ID="OneDrive" />
    </Product>
    <Product ID="VisioStd2021Retail">
      <Language ID="en-US" />
      <Language ID="pt-BR" />
      <ExcludeApp ID="OneDrive" />
    </Product>
</Add>
<Display Level="Full" AcceptEULA="TRUE" />
<Updates Enabled="TRUE" Channel="Current" />
</Configuration>
